"title","document_type","eli5","keywords","url"
"News","Presidential Action","The President decided to do some important things to make America safer and stronger. This includes keeping the borders secure, using more U.S. energy, and making sure people can get water in southern California. They also want to make sure people who work for the President get their security clearances faster.","Presidential Actions; Death Penalty; Public Safety; Border Security; American Citizenship; Energy Policy; Immigration; National Security; Trade Policy; Environmental Policy","https://www.whitehouse.gov/news/"
"News","Presidential Action","The President made some big decisions on January 20, 2025. They want people working for the government to be more responsible, stopped the US from being in the World Health Organization, put special laws on TikTok, and helped families with money problems. They also want people to go back to working in offices and to focus more on America-first policies.","Presidential Actions; Federal Workforce; World Health Organization; TikTok; Pardons; Domestic Policy; International Policy; Emergency Relief; Environmental Agreements; In-Person Work","https://www.whitehouse.gov/news/"
"News","Presidential Action","The webpage talks about what President Trump did on January 20, 2025, right after becoming President again. He made new important decisions, like who would help him run the country and how he wants things to be better for America.","President Trump; Inauguration Day; Presidential Actions; Freedom of Speech; Federal Censorship; Executive Orders; Cabinet Appointments; America First","https://www.whitehouse.gov/news/"
"About The White House","Fact Sheet","The White House is where the President lives and it's like a big museum about history. Air Force One is a special airplane that the President uses. Camp David is a quiet place in the mountains where the President can rest and meet with other leaders.","The White House; Air Force One; Camp David; President; American history; Presidential residence; Naval Support Facility Thurmont; Catoctin Mountain Park","https://www.whitehouse.gov/about-the-white-house/"
"The Trump Administration","Fact Sheet","Donald Trump is President again, and he picked JD Vance to help him. Melania is the First Lady, and they have a team called the Cabinet to help them make decisions.","Donald J. Trump; JD Vance; Melania Trump; Usha Vance; First Lady; Second Lady; The Cabinet; 2024 Election","https://www.whitehouse.gov/administration/"
"Air Force One","Fact Sheet","Air Force One is a special super plane that the President of the United States uses to fly anywhere in the world quickly. It's extra safe, can fly without stopping for gas, and even has a mini hospital on board!","Air Force One; President; Boeing 747-200B; VC-25A; Presidential Airlift Group; Presidential travel; Mobile command center; Presidency; Presidential history; Aviation","https://www.whitehouse.gov/about-the-white-house/air-force-one/"
"America First Policy Directive To The Secretary Of State – The White House","Executive Order","The President told people in charge of U.S. foreign affairs that from now on, they have to think about what's best for America first when making decisions.","America First; foreign policy; Presidential directive; United States; Secretary of State; January 20, 2025","https://www.whitehouse.gov/presidential-actions/2025/01/america-first-policy-directive-to-the-secretary-of-state/"
"America First Trade Policy – The White House","Presidential Memorandum","The document is like a big plan from the President to make sure America does well in trading with other countries. It asks important people to check if other countries are playing fair and using money rules correctly, and to make sure products made in America get a good chance to sell. They need to see if anything is unfair and report back with ideas to fix it.","America First Trade Policy; trade deficits; USMCA; currency manipulation; intellectual property; national security; tariffs; export controls","https://www.whitehouse.gov/presidential-actions/2025/01/america-first-trade-policy/"
"Application Of Protecting Americans From Foreign Adversary Controlled Applications Act To TikTok – The White House","Executive Order","The President said not to ban TikTok right away because they need more time to decide how to keep everyone safe. For 75 days, the government won't stop anyone from using TikTok while they figure things out.","Executive Order; TikTok; ByteDance; National Security; Foreign Adversary; DOJ; Application Ban; Protecting Americans Act","https://www.whitehouse.gov/presidential-actions/2025/01/application-of-protecting-americans-from-foreign-adversary-controlled-applications-act-to-tiktok/"
"Briefings & Statements – The White House","Press Release","This page talks about what President Trump has been doing. He called important people from other countries, made some rules, and announced new people working in his team. He also talked about visiting Poland for an important event.","Trump; White House; briefings; statements; Presidential calls; appointments; diplomacy; America First; administration policy","https://www.whitehouse.gov/briefings-statements/"
"President Trump Announces Cabinet and Cabinet Level Appointments – The White House","Presidential Action","President Trump picked a team of people to help him run the country, like picking team captains for a sports game. He chose them to do important jobs, like managing money or making sure people are safe.","Presidential Appointments; Trump Administration; Cabinet; Senate Confirmation; Nominations; Secretary of State; Secretary of Treasury; United Nations","https://www.whitehouse.gov/presidential-actions/2025/01/cabinet-and-cabinet-level-appointments/"
"Camp David","Fact Sheet","Camp David is a special house in the woods where the President can relax and have important meetings. Presidents from around the world go there to talk about big ideas.","Camp David; Presidential retreat; Foreign dignitaries; Diplomacy; Catoctin Mountain Park; Franklin Roosevelt; Dwight Eisenhower; Camp David Accords","https://www.whitehouse.gov/about-the-white-house/camp-david/"
"Clarifying The Military's Role In Protecting The Territorial Integrity Of The United States – The White House","Executive Order","The President told the military to help keep the country's borders safe from people crossing in illegally and bringing in drugs because it's important for everyone's safety.","Presidential Order; Military; Border Security; Territorial Integrity; USNORTHCOM; National Emergency; Immigration; Drug Trafficking","https://www.whitehouse.gov/presidential-actions/2025/01/clarifying-the-militarys-role-in-protecting-the-territorial-integrity-of-the-united-states/"
"The White House","Fact Sheet","This is about President Trump working hard to make America safe and strong for everyone. He wants to help lower prices, protect the country, and make energy powerful.","America; President Trump; Vice President; Melania Trump; 47th Administration; Priorities; Security; Energy; White House","https://www.whitehouse.gov/"
"Copyright – The White House","Fact Sheet","The government doesn't keep copies of stuff it makes on the site, but visitors can use it for free. If you put something on the site, everyone can use it too, just be sure to say where it came from.","Copyright Policy; Government Materials; Creative Commons; Licensing; Federal Law","https://www.whitehouse.gov/copyright/"
"Declaring A National Emergency At The Southern Border Of The United States – The White House","Proclamation","President Trump declared a big emergency at the U.S.-Mexico border because he thinks bad people and things are coming across. He's using the military to help stop it and build walls.","National Emergency; Southern Border; Donald Trump; Cartels; Human Trafficking; Armed Forces; Homeland Security","https://www.whitehouse.gov/presidential-actions/2025/01/declaring-a-national-emergency-at-the-southern-border-of-the-united-states/"
"Declaring a National Energy Emergency – The White House","Executive Order","### ELI5

The President decided that we need more energy and faster action to make it happen because too little energy makes everything more expensive and less safe. They've asked for help from different parts of the government to get energy faster, including using special rules. This way, we will have more energy for everyone and stay safe from people who might want to cause trouble.","National Energy Emergency; Energy Infrastructure; Federal Agencies; Environmental Protection; Domestic Energy; Defense Production Act; Clean Water Act; Endangered Species Act; Energy Security; National Security","https://www.whitehouse.gov/presidential-actions/2025/01/declaring-a-national-energy-emergency/"
"Declassification of Records Concerning the Assassinations of President John F. Kennedy – The White House","Presidential Action","The President says it's time to share all the secret papers about the killings of famous leaders like John F. Kennedy because everyone should know the truth. He wants the secret team to bring a plan to share these stories with everyone.","Declassification; Assassination Records; Transparency; John F. Kennedy; Robert F. Kennedy; Martin Luther King Jr.; Presidential Order","https://www.whitehouse.gov/presidential-actions/2025/01/declassification-of-records-concerning-the-assassinations-of-president-john-f-kennedy/"
"Defending Women From Gender Ideology Extremism And Restoring Biological Truth To The Federal Government – The White House","Executive Order","A new rule says the government must use the biological differences between boys and girls in their work, instead of letting people choose if they want to be a boy or girl. This is because the rule-makers think this will keep people safer and the rules fair.","gender ideology; biological sex; federal policy; Executive Order; women's rights; single-sex spaces; gender identity","https://www.whitehouse.gov/presidential-actions/2025/01/defending-women-from-gender-ideology-extremism-and-restoring-biological-truth-to-the-federal-government/"
"Delivering Emergency Price Relief for American Families and Defeating the Cost-of-Living Crisis – The White House","Presidential Action","The President said things have become too expensive for people because of some rules from the past. Now, new plans are being made to make things like houses and energy cheaper, so people can afford them better.","price relief; inflation; Biden Administration; regulations; housing costs; energy costs; healthcare costs; climate policies","https://www.whitehouse.gov/presidential-actions/2025/01/delivering-emergency-price-relief-for-american-families-and-defeating-the-cost-of-living-crisis/"
"Designating Cartels And Other Organizations As Foreign Terrorist Organizations And Specially Designated Global Terrorists – The White House","Presidential Action","### ELI5

The President announced a plan to call some really dangerous groups, called cartels, as terrorists. This is to help stop them from bringing bad things to the country and make sure people are safe.","Foreign Terrorist Organizations; Specially Designated Global Terrorists; Cartels; National Security; Western Hemisphere; Immigration and Nationality Act; International Emergency Economic Powers Act","https://www.whitehouse.gov/presidential-actions/2025/01/designating-cartels-and-other-organizations-as-foreign-terrorist-organizations-and-specially-designated-global-terrorists/"
"President Trump Announces Acting Cabinet and Cabinet-Level Positions – The White House","Presidential Action","President Trump picked some people to temporarily do important jobs in the government until they find the permanent people for those jobs.","President Trump; Acting Cabinet; Appointments; White House; January 2025; 5 U.S.C. 3345; Government roles","https://www.whitehouse.gov/presidential-actions/2025/01/designation-of-acting-leaders/"
"Designation Of Ansar Allah as a Foreign Terrorist Organization – The White House","Presidential Action","The government is thinking about officially calling a group called the Houthis a 'bad group' because they've been doing dangerous things, like attacking ships and airports. They want to stop this to keep people safe.","Ansar Allah; Houthis; Foreign Terrorist Organization; presidential order; Iran's IRGC-QF; maritime trade; USAID","https://www.whitehouse.gov/presidential-actions/2025/01/designation-of-ansar-allah-as-a-foreign-terrorist-organization/"
"President Trump Designates Chairmen and Acting Chairmen – The White House","Presidential Action","President Trump picked some people to be in charge of important groups at the White House to help things run smoothly.","President Trump; chairmen; acting chairmen; White House; January 20, 2025; designation","https://www.whitehouse.gov/presidential-actions/2025/01/designation-of-chairmen-and-acting-chairmen/"
"President Donald J. Trump","Fact Sheet","Donald Trump was the 45th President and is back to be the 47th after winning another election. Before politics, he was really good at real estate and wrote books. He has a big family and wants to make America better by stopping wars and making new jobs.","Donald Trump; Presidency; Election 2024; Real Estate; American Dream; Economic Policy; Military Investment; Political Achievements; Family; Business","https://www.whitehouse.gov/administration/donald-j-trump/"
"Ending Illegal Discrimination And Restoring Merit-Based Opportunity – The White House","Executive Order","The President wants to make sure everyone is treated fairly and gets opportunities based on how hard they work. He believes some rules about making people different aren’t fair and wants to stop them.","civil rights; discrimination; merit-based opportunity; diversity and inclusion; DEI; executive order; federal laws; equality; workforce policies","https://www.whitehouse.gov/presidential-actions/2025/01/ending-illegal-discrimination-and-restoring-merit-based-opportunity/"
"Ending Radical And Wasteful Government DEI Programs And Preferencing – The White House","Executive Order","The President ordered to stop all the diversity and inclusion projects in the government to focus on rewarding hard work and skills instead.

People working on these projects will have to end them soon, and there will be meetings to see how things are going.","DEI; Federal Government; Executive Order; Presidential Action; Diversity; Equity; January 20, 2025","https://www.whitehouse.gov/presidential-actions/2025/01/ending-radical-and-wasteful-government-dei-programs-and-preferencing/"
"Ending The Weaponization Of The Federal Government – The White House","Executive Order","The President wants to make sure government workers are fair to everyone and not use their power to hurt people who don't agree with them. So, he is asking the government to check how they acted before and fix any mistakes.","Presidential Order; Weaponization; Federal Government; Law Enforcement; Intelligence Community; Accountability; Political Opponents","https://www.whitehouse.gov/presidential-actions/2025/01/ending-the-weaponization-of-the-federal-government/"
"ENFORCING THE HYDE AMENDMENT – The White House","Presidential Action","*The President said that money from taxes shouldn't be spent to help pay for abortions, so they changed some rules that said it's okay to use that money. Now, they want to make sure this new rule is followed.*","Hyde Amendment; Federal funding; Elective abortion; Executive Orders; Reproductive healthcare","https://www.whitehouse.gov/presidential-actions/2025/01/enforcing-the-hyde-amendment/"
"Establishing And Implementing The President's ""Department Of Government Efficiency"" – The White House","Executive Order","The President made a new rule to help the government use technology better, like making sure computers talk to each other properly. He also started a special team called the DOGE Service to make this happen, and every part of the government has to help them out.","Executive Order; Department of Government Efficiency; USDS; Technology Modernization; Federal Agencies; DOGE Agenda; Data Protection","https://www.whitehouse.gov/presidential-actions/2025/01/establishing-and-implementing-the-presidents-department-of-government-efficiency/"
"Executive Grant of Clemency for Andrew Zabavsky – The White House","Presidential Action","The President, Donald Trump, decided to forgive a person named Andrew Zabavsky for breaking some rules, so Zabavsky doesn't have to be punished anymore.","Executive Grant of Clemency; Donald J. Trump; Andrew Zabavsky; Pardon; United States District Court; Section 371; Section 1512; Article II Constitution; Presidential Powers","https://www.whitehouse.gov/presidential-actions/2025/01/executive-grant-of-clemency-for-andrew-zabavsky/"
"Executive Grant of Clemency for Terence Sutton – The White House","Presidential Action","The President of the United States, Donald Trump, decided to forgive Terence Sutton for the crimes he was punished for and released him from his jail time. This happened on January 22, 2025, and it was officially approved with a special seal.","Donald Trump; Presidential Pardon; Clemency; Terence Sutton; Constitutional Powers; District of Columbia; US Code","https://www.whitehouse.gov/presidential-actions/2025/01/executive-grant-of-clemency-for-terence-sutton/"
"Fact Sheet: Executive Order to Establish United States Leadership in Digital Financial Technology – The White House","Fact Sheet","President Trump wants to make sure the United States leads the world in new money technologies, like digital coins. He made rules so everyone knows what to expect and won't stop innovation, like promising there will be no over-complicated rules that slow things down.","Digital Financial Technology; Executive Order; Digital Assets; Regulatory Framework; Stablecoins; CBDCs; Innovation; Economic Opportunity; U.S. Leadership","https://www.whitehouse.gov/fact-sheets/2025/01/fact-sheet-executive-order-to-establish-united-states-leadership-in-digital-financial-technology/"
"Fact Sheet: President Donald J. Trump Declares a National Emergency at the Southern Border – The White House","Fact Sheet","President Trump wants to make the border safer because too many people are coming in illegally, and it's causing problems with drugs and gangs. So he's sending more soldiers to help and finish building a big wall.","National Emergency; Southern Border; Executive Order; Immigration; Border Security; Donald Trump; Military Deployment; Fentanyl Crisis; Tren de Aragua; DHS; Human Trafficking; Illegal Immigration","https://www.whitehouse.gov/fact-sheets/2025/01/fact-sheet-president-donald-j-trump-declares-a-national-emergency-at-the-southern-border/"
"Fact Sheet: President Donald J. Trump Delivers Emergency Price Relief for American Families to Defeat the Cost-of-Living Crisis – The White House","Presidential Memorandum","President Trump wants to make things cheaper for families by changing some rules that he believes made things more expensive, like houses and food. He's trying to fix what he thinks was broken when President Biden was in charge.","Cost-of-Living; Regulatory Burden; Housing Costs; Energy Prices; Biden Administration; Trump Administration; Presidential Memorandum; Economic Policy","https://www.whitehouse.gov/fact-sheets/2025/01/fact-sheet-president-donald-j-trump-delivers-emergency-price-relief-for-american-families-to-defeat-the-cost-of-living-crisis/"
"Fact Sheet: President Donald J. Trump Directs Administration to Advance Lumbee Tribe Recognition – The White House","Presidential Memorandum","President Trump wants to help a big group of Native Americans called the Lumbee Tribe get special government help. He asked a government office to make a plan to give them these benefits.","Lumbee Tribe; federal recognition; President Donald J. Trump; Presidential Memorandum; tribal benefits; Secretary of the Interior; North Carolina","https://www.whitehouse.gov/fact-sheets/2025/01/fact-sheet-president-donald-j-trump-directs-administration-to-advance-lumbee-tribe-recognition/"
"President Trump's America First Priorities","Presidential Memorandum","President Trump wants to make sure that people who keep planes safe are really good at their jobs, so he changed a rule to hire the best people, not just because of who they are. He thinks this helps keep everyone on airplanes safe.","President Trump; FAA; DEI; Merit-based hiring; Safety; Efficiency; Presidential Memorandum","https://www.whitehouse.gov/fact-sheets/2025/01/fact-sheet-president-donald-j-trump-ends-dei-madness-and-restores-excellence-and-safety-within-the-federal-aviation-administration/"
"Fact Sheet: President Donald J. Trump Enforces Overwhelmingly Popular Demand to Stop Taxpayer Funding of Abortion – The White House","Fact Sheet","President Trump made a rule that stops the government from using people's money to help with abortions. He also made sure money isn't used for abortions in other countries and wants states to decide about abortion on their own.","Trump; Executive Order; Hyde Amendment; Mexico City Policy; abortion funding; Dobbs v. Jackson; Roe v. Wade; state regulations; taxpayer money","https://www.whitehouse.gov/fact-sheets/2025/01/fact-sheet-president-donald-j-trump-enforces-overwhelmingly-popular-demand-to-stop-taxpayer-funding-of-abortion/"
"Fact Sheet: President Donald J. Trump Launches PCAST to Restore American Leadership in Science and Technology – The White House","Fact Sheet","President Trump is bringing together smart people to help America stay the best at science and technology. This group will give advice to make sure we do the best science and come up with cool new technologies, like robots and special computers.","President Trump; PCAST; Science and Technology; Innovation; Emerging Technologies; American Leadership; AI and Crypto","https://www.whitehouse.gov/fact-sheets/2025/01/fact-sheet-president-donald-j-trump-launches-pcast-to-restore-american-leadership-in-science-and-technology/"
"Fact Sheet: President Donald J. Trump Orders Declassification of JFK, RFK, and MLK Assassination Files – The White House","Fact Sheet","President Trump signed a paper to share secret files about the deaths of important people, like President Kennedy, because he thinks it's time people know the truth.","Trump; Executive Order; Declassification; JFK Assassination; RFK Assassination; MLK Assassination; Transparency; Historical Records","https://www.whitehouse.gov/fact-sheets/2025/01/fact-sheet-president-donald-j-trump-orders-declassification-of-jfk-rfk-and-mlk-assassination-files/"
"President Trump's America First Priorities","Fact Sheet","President Trump made a new rule to make sure everyone in the government's jobs and contracts gets treated fairly based on how hard they work, not traits like their race or gender. He wants everyone to have the same chance to succeed by doing their best.","Trump; Executive Order; Civil Rights; DEI; Federal Contracting; Merit-Based; Discrimination; Equal Opportunity","https://www.whitehouse.gov/fact-sheets/2025/01/fact-sheet-president-donald-j-trump-protects-civil-rights-and-merit-based-opportunity-by-ending-illegal-dei/"
"Fact Sheet: President Donald J. Trump Protects the States and the American People by Closing the Border to Illegals via Proclamation – The White House","Fact Sheet","President Trump made a rule to stop people from coming into the U.S. without permission, especially from the southern border, because he says it costs the country money and creates problems. He told government workers to make sure these people are sent back if they try to come in.","Donald Trump; Executive Order; illegal immigration; southern border; Article IV; Immigration; Nationality Act; 2025","https://www.whitehouse.gov/fact-sheets/2025/01/fact-sheet-president-donald-j-trump-protects-the-states-and-the-american-people-by-closing-the-border-to-illegals-via-proclamation/"
"Fact Sheet: President Donald J. Trump Re-designates the Houthis as a Foreign Terrorist Organization – The White House","Fact Sheet","President Trump wants to call the Houthis in Yemen ""bad guys"" again and stop them from hurting people and ships near the water.","Trump; Houthis; Foreign Terrorist Organization; Executive Order; USAID; Yemen; Biden Administration","https://www.whitehouse.gov/fact-sheets/2025/01/fact-sheet-president-donald-j-trump-re-designates-the-houthis-as-a-foreign-terrorist-organization/"
"Fact Sheet: President Donald J. Trump Takes Action to Enhance America’s AI Leadership – The White House","Fact Sheet","President Trump changed some rules to make it easier for America to keep making cool and smart robots. He thinks that this will help the country be the best at inventing new technology.","AI Leadership; Executive Order; Trump Administration; Biden Administration; AI Innovation; Government Regulation; National Security; Technology; Free Speech; Economic Competitiveness","https://www.whitehouse.gov/fact-sheets/2025/01/fact-sheet-president-donald-j-trump-takes-action-to-enhance-americas-ai-leadership/"
"Fact Sheets – The White House","Fact Sheet","This document talks about things former President Trump decided to do while he was in office, like stopping certain funds, being better at technology, and helping families with money problems.","Trump; Presidential Actions; Fact Sheets; AI Leadership; Digital Financial Technology; JFK Assassination Files; Lumbee Tribe Recognition; Houthis Terrorist Organization; National Emergency; Cost-of-Living Crisis","https://www.whitehouse.gov/fact-sheets/"
"Federal Recognition of the Lumbee Tribe of North Carolina – The White House","Presidential Memorandum","The president wrote a message saying the Lumbee Tribe in North Carolina should be officially recognized by the U.S. Government so they can get special benefits. The Secretary of the Interior needs to figure out how to make this happen.","Lumbee Tribe; Federal Recognition; North Carolina; Secretary of the Interior; Federal Benefits; Native American Tribes","https://www.whitehouse.gov/presidential-actions/2025/01/federal-recognition-of-the-lumbee-tribe-of-north-carolina/"
"Flying The Flag Of The United States At Full-Staff On Inauguration Day – The White House","Proclamation","The President said that on the day a new President starts their job, they want all the American flags to fly at the top of the pole to show respect. Then, at the end of the day, they want the flags to be lowered to remember an important person who passed away.","Proclamation; Inauguration Day; United States flag; Full-staff; White House; James Earl Carter Jr.; Flag protocol; Presidential honors","https://www.whitehouse.gov/presidential-actions/2025/01/flying-the-flag-of-the-united-states-at-full-staff-on-inauguration-day/"
"Granting Pardons And Commutation Of Sentences For Certain Offenses Relating To The Events At Or Near The United States Capitol On January 6, 2021 – The White House","Proclamation","The President decided to forgive and free some people who got in trouble because of what happened at the Capitol in 2021. This helps people get along better.","pardon; commutation; January 6; Capitol; sentences; justice; reconciliation","https://www.whitehouse.gov/presidential-actions/2025/01/granting-pardons-and-commutation-of-sentences-for-certain-offenses-relating-to-the-events-at-or-near-the-united-states-capitol-on-january-6-2021/"
"Guaranteeing The States Protection Against Invasion – The White House","Proclamation","The President has said too many people are coming into the country unofficially at the southern border, like an invasion, and has decided to stop them from coming in until this problem is fixed for everyone's safety.","Presidential Proclamation; Southern Border; Invasion; Immigration and Nationality Act; Executive Authority","https://www.whitehouse.gov/presidential-actions/2025/01/guaranteeing-the-states-protection-against-invasion/"
"Hiring Freeze – The White House","Presidential Memorandum","The President said that, as of January 20, 2025, the government shouldn't hire any new people for regular jobs, except for certain important jobs like in the military and safety. They have 90 days to make a plan for making the government smaller and better.","Presidential Memorandum; hiring freeze; Federal civilian employees; executive branch; Office of Management and Budget; Office of Personnel Management; United States Digital Service; Internal Revenue Service","https://www.whitehouse.gov/presidential-actions/2025/01/hiring-freeze/"
"Holding Former Government Officials Accountable For Election Interference And Improper Disclosure Of Sensitive Governmental Information – The White House","Executive Order","The President made a rule to take away special clearances from some old government officials because they used their information for politics and money, which was wrong.","Executive Order; Election Interference; Security Clearances; Intelligence Community; Joseph R. Biden; John R. Bolton; Classified Information","https://www.whitehouse.gov/presidential-actions/2025/01/holding-former-government-officials-accountablefor-election-interference-and-improper-disclosure-of-sensitive-governmental-information/"
"Fact Sheet: President Donald J. Trump Protects the States and the American People by Closing the Border to Illegals via Proclamation – The White House","Fact Sheet","President Trump made a rule to stop people from coming into the U.S. without permission, especially from the southern border, because he says it costs the country money and creates problems. He told government workers to make sure these people are sent back if they try to come in.","Donald Trump; Executive Order; illegal immigration; southern border; Article IV; Immigration; Nationality Act; 2025","https://www.whitehouse.gov/fact-sheets/2025/01/fact-sheet-president-donald-j-trump-protects-the-states-and-the-american-people-by-closing-the-border-to-illegals-via-proclamation/"
"Initial Rescissions Of Harmful Executive Orders And Actions – The White House","Executive Order","The President decided to cancel a bunch of rules from the last President because they think those rules were not helping America. Instead, they want everyone to work together and be fair to make things better.","Executive Order; Rescission; Diversity, Equity, and Inclusion; Climate Regulation; Immigration; Federal Government","https://www.whitehouse.gov/presidential-actions/2025/01/initial-rescissions-of-harmful-executive-orders-and-actions/"
"The Trump-Vance Administration Priorities","Presidential Action","The Trump-Vance team wants to make the country safer by stopping people who shouldn't come in and by keeping bad groups away. They also want more American energy, less expensive things, and to set clear rules about boys and girls.","Trump-Vance Administration; border security; energy independence; government reform; American values; immigration policy; environmental policy","https://www.whitehouse.gov/issues/"
"Vice President JD Vance","Fact Sheet","**JD Vance** grew up in Ohio and had a tough time with money and family. He worked hard and is now the Vice President, helping people in America have better lives.","JD Vance; Vice President; United States; Middletown, Ohio; Marine Corps; Yale Law School; Hillbilly Elegy; U.S. Senate; Donald Trump; Republican Party","https://www.whitehouse.gov/administration/jd-vance/"
"Keeping Americans Safe in Aviation – The White House","Presidential Action","The president wants people who work at keeping airplanes safe to be chosen because they're best at the job, not because of things like what they look like or if they have a disability.","FAA; Aviation Safety; Merit-based Hiring; Diversity, Equity, and Inclusion; Federal Aviation Administration","https://www.whitehouse.gov/presidential-actions/2025/01/keeping-americans-safe-in-aviation/"
"First Lady Melania Trump","Fact Sheet","Melania Trump used to live in a big house called the White House and worked to help kids be happier and healthier. She also made a book that a lot of people read.","Melania Trump; First Lady; BE BEST; foster care scholarships; modeling career; naturalized citizen","https://www.whitehouse.gov/administration/melania-trump/"
"Memorandum for the Secretary of State the Secretary of Defense the Secretary of Health and Human Services the Administrator of the United States for International Development – The White House","Presidential Memorandum","The President has decided to use rules from a few years ago to make sure U.S. money doesn't help groups that are involved in forced abortions or sterilizing people without them wanting it.","Mexico City Policy; Presidential Memorandum; U.S. funding; global health assistance; January 24, 2025; coercive abortion; involuntary sterilization","https://www.whitehouse.gov/presidential-actions/2025/01/memorandum-for-the-secretary-of-state-the-secretary-of-defense-the-secretary-of-health-and-human-services-the-administrator-of-the-united-states-for-international-development/"
"Error 404
		","Fact Sheet","The web page you tried to open isn't there anymore, like when you look in a book and find an empty page. But don't worry! You can still go back to the main page with a click.","404 error; Page Not Found; website navigation; link; homepage",""
"Memorandum to Resolve the Backlog of Security Clearances for Executive Office of the President Personnel – The White House","Presidential Memorandum","The President made a rule to help some staff quickly start their jobs at the White House by giving them temporary permission to see secret things, until the paperwork gets sorted out.","security clearances; Executive Office; White House; President; backlog; interim clearances; access; bureaucratic process; 2025","https://www.whitehouse.gov/presidential-actions/2025/01/memorandum-to-resolve-the-backlog-of-security-clearances-for-executive-office-of-the-president-personnel/"
"News","Presidential Action","There are a lot of news stories from the White House about things President Trump did, like talking to leaders, making new rules, and announcing important changes. They even talk about stopping some money from being spent in certain ways.","President Trump; White House; Remarks; Presidential Actions; Fact Sheets; Taxpayer Funding; Abortion; Hyde Amendment; King Abdullah II; America's Golden Age; Appointments; Hostage Release","https://www.whitehouse.gov/news/"
"Nominations Transmitted to the Senate – The White House","Presidential Action","The President picked new people to lead different parts of the government, like helping farmers and making sure cars and planes work right. These choices need to be approved by the Senate.","Presidential Nominations; U.S. Senate; Government Appointments; Agriculture; Transportation; Small Business; Energy","https://www.whitehouse.gov/presidential-actions/2025/01/nominations-transmitted-to-the-senate/"
"OMB Memo M-25-11 – The White House","Presidential Memorandum","The government decided to stop spending money on energy projects that don't fit their new plan and told people in charge of departments to check with them first before continuing any spending.","Executive Order; Unleashing American Energy; Inflation Reduction Act; Infrastructure Investment and Jobs Act; Green New Deal; fund disbursement; Office of Management and Budget","https://www.whitehouse.gov/briefings-statements/2025/01/omb-memo-m-25-11/"
"Organization of the National Security Council and Subcommittees – The White House","Presidential Memorandum","This document is a set of instructions from the President about how important groups in charge of keeping America safe should be organized and work together. It tells who's in charge, who can go to meetings, and how they decide what to do.","National Security Council; Principals Committee; Deputies Committee; Policy Coordination Committees; Homeland Security; Presidential Memorandum; National Security; Interagency Coordination; Government Structure","https://www.whitehouse.gov/presidential-actions/2025/01/organization-of-the-national-security-council-and-subcommittees/"
"President Trump Announces Appointments to the White House Offices of Communications, Public Liaison, and Cabinet Affairs – The White House","Press Release","President Trump picked some new people to help him talk to the public and work with other leaders. They will help make sure everyone knows what's happening and that the right people are doing the right jobs.","President Trump; White House; Appointments; Communications; Public Liaison; Cabinet Affairs; Taylor Budowich; Executive Office","https://www.whitehouse.gov/briefings-statements/2025/01/president-trump-announces-appointments-to-the-white-house-offices-of-communications-public-liaison-and-cabinet-affairs/"
"President Trump Announces Presidential Delegation to attend the Commemoration of the 80th Anniversary of the Liberation of Auschwitz-Birkenau in Oświęcim, Poland – The White House","Press Release","President Trump is sending a group of important people to Poland to remember a very serious event from history, the end of a place called Auschwitz where many were hurt. They go to show that remembering history is important.","President Trump; Presidential Delegation; Auschwitz-Birkenau Liberation; 80th Anniversary; Poland; Steve Witkoff; Howard Lutnick; Holocaust remembrance","https://www.whitehouse.gov/briefings-statements/2025/01/president-trump-announces-presidential-delegation-to-attend-the-commemoration-of-the-80th-anniversary-of-the-liberation-of-auschwitz-birkenau-in-oswiecim-poland/"
"President Trump's America First Priorities","Presidential Action","President Trump wants to make America safe and affordable by protecting the borders, changing energy rules, and improving the government to help Americans better.
","President Trump; America First; border security; energy policy; government reform; American values","https://www.whitehouse.gov/briefings-statements/2025/01/president-trumps-america-first-priorities/"
"Presidential Actions – The White House","Presidential Action","The President makes big decisions that help run the country smoothly, like helping tribes, sharing secret papers, or making sure we lead in smart technology. This page lists those decisions.","Presidential Actions; Memorandum; Hyde Amendment; Artificial Intelligence; JFK Assassination; Lumbee Tribe; Foreign Terrorist Organization; Clemency","https://www.whitehouse.gov/presidential-actions/"
"President's Council of Advisors on Science and Technology – The White House","Executive Order","The President decided to bring together really smart people to help the U.S. be the best at new technology like AI and big computers. They will meet often to give advice and share new ideas.","PCAST; science and technology; innovation; advisory council; AI; quantum computing; biotechnology; Executive Order","https://www.whitehouse.gov/presidential-actions/2025/01/presidents-council-of-advisors-on-science-and-technology/"
"Privacy – The White House","Fact Sheet","The White House has rules on how they protect your information when you visit their website. They collect some info to help improve the site and keep it safe. They promise not to share it with strangers and to keep kids' information extra safe.","Privacy Policy; White House; Data Collection; Information Sharing; Security; Cookies; Third-Party Tools; Data Retention; Children's Privacy","https://www.whitehouse.gov/privacy/"
"Promoting Beautiful Federal Civic Architecture – The White House","Presidential Memorandum","The President wants future government buildings to look nice and have a traditional style. The Admin who plans these buildings must get advice on how to do this and make sure people in the community can share their opinions.","Federal Architecture; GSA; Traditional Architecture; Civic Design; Community Input","https://www.whitehouse.gov/presidential-actions/2025/01/promoting-beautiful-federal-civic-architecture/"
"Protecting The American People Against Invasion – The White House","Executive Order","The President made some new rules to make sure people coming into the country without permission are stopped or sent back, and that the laws are followed very closely. They're making sure everyone who helps with this will work together well.","immigration; national security; federal enforcement; illegal aliens; homeland security","https://www.whitehouse.gov/presidential-actions/2025/01/protecting-the-american-people-against-invasion/"
"Protecting The Meaning And Value Of American Citizenship – The White House","Executive Order","This document from the President says that not all babies born in the U.S. can become citizens automatically. If the baby's parents are not legally living in the U.S. or are only here temporarily, the baby might not get U.S. citizenship.","birthright citizenship; Fourteenth Amendment; U.S. citizenship; executive order; immigration; jurisdiction; lawful permanent resident; legal status; United States","https://www.whitehouse.gov/presidential-actions/2025/01/protecting-the-meaning-and-value-of-american-citizenship/"
"Protecting The United States From Foreign Terrorists And Other National Security And Public Safety Threats – The White House","Executive Order","The President made new rules to keep bad people out of the country. They want to check everyone really carefully who wants to come in, especially if they're from places that might be dangerous.","national security; foreign terrorists; immigration; vetting; screening; INA; public safety; immigration laws","https://www.whitehouse.gov/presidential-actions/2025/01/protecting-the-united-states-from-foreign-terrorists-and-othernational-security-and-public-safety-threats/"
"Putting America First In International Environmental Agreements – The White House","Executive Order","The President said that America will stop being part of a big plan with other countries to fight climate change because it isn't fair for Americans. He wants to make sure America uses its money for itself and not for others who don't need it.","Executive Order; International Environmental Agreements; Paris Agreement; United Nations Framework Convention on Climate Change; Climate Finance; U.S. Economy; Withdrawal","https://www.whitehouse.gov/presidential-actions/2025/01/putting-america-first-in-international-environmental-agreements/"
"Putting People Over Fish: Stopping Radical Environmentalism to Provide Water to Southern California – The White House","Presidential Memorandum","The President is telling some government helpers to make sure Southern California gets more water from rivers because they need it, especially to help prevent serious fires. Some people stopped this plan before to protect some fish, but now the President wants it to start again.","Presidential Memorandum; Water Supply; Southern California; Sacramento-San Joaquin Delta; Delta smelt; Environmentalism; Wildfires","https://www.whitehouse.gov/presidential-actions/2025/01/putting-people-over-fish-stopping-radical-environmentalism-to-provide-water-to-southern-california/"
"Readout of President Donald J. Trump Call with Crown Prince Mohammed bin Salman – The White House","Press Release","President Trump called a prince from Saudi Arabia to talk about working together to make their countries safer and richer.","President Donald J. Trump; Crown Prince Mohammed bin Salman; Saudi Arabia; Middle East stability; regional security; terrorism; economic ambitions; trade; mutual prosperity","https://www.whitehouse.gov/briefings-statements/2025/01/readout-of-president-donald-j-trump-call-with-crown-prince-mohammad-bin-salman/"
"Readout of President Donald J. Trump's Call with King Abdullah II of Jordan – The White House","Press Release","President Trump talked on the phone with King Abdullah of Jordan. King Abdullah said congratulations to Trump for becoming President, and they both talked about keeping the region peaceful and safe.","Trump; King Abdullah II; Jordan; inauguration; regional peace; security; stability","https://www.whitehouse.gov/briefings-statements/2025/01/readout-of-president-donald-j-trumps-call-with-king-abdullah-ii-of-jordan/"
"Readout of President Donald J. Trump's Call with President Nayib Bukele – The White House","Press Release","President Trump talked on the phone with President Bukele of El Salvador about stopping illegal immigration and fighting bad gangs. President Trump said President Bukele is doing a good job and setting a good example.","Donald J. Trump; Nayib Bukele; El Salvador; illegal immigration; transnational gangs; Tren de Aragua; leadership; Western Hemisphere; diplomacy; regional security","https://www.whitehouse.gov/briefings-statements/2025/01/readout-of-president-donald-j-trumps-call-with-president-bukele/"
"Realigning the United States Refugee Admissions Program – The White House","Executive Order","The President decided to pause letting refugees into the country for now because they want to make sure it is safe and there's enough resources to help everyone, including the people already living here.","Refugee admissions; United States; Executive Order; Suspension; Assimilation; National Security; Homeland Security","https://www.whitehouse.gov/presidential-actions/2025/01/realigning-the-united-states-refugee-admissions-program/"
"Reevaluating And Realigning United States Foreign Aid – The White House","Presidential Action","The President wants to make sure the money the U.S. gives to help other countries is used in a way that matches what the U.S. wants. So, for the next 90 days, they're stopping this help to check if it's being used the best way possible.","United States; foreign aid; policy; 90-day pause; efficiency; Office of Management and Budget; Secretary of State; review","https://www.whitehouse.gov/presidential-actions/2025/01/reevaluating-and-realigning-united-states-foreign-aid/"
"Reforming The Federal Hiring Process And Restoring Merit To Government Service – The White House","Executive Order","The President made a new rule to make it easier and fairer for smart and dedicated people to get jobs in the government, like making the hiring process faster and using better technology.","Federal hiring; Merit-based; Executive order; American values; Efficiency; Constitutional principles; Technology in recruitment","https://www.whitehouse.gov/presidential-actions/2025/01/reforming-the-federal-hiring-process-and-restoring-merit-to-government-service/"
"Regulatory Freeze Pending Review – The White House","Presidential Memorandum","Sometimes, when a new President starts, they want to check the rules and changes that were about to happen. So, they tell everyone to wait and look at these rules again to make sure they're the best they can be.","Regulatory Freeze; Executive Departments; Presidential Memorandum; Office of Management and Budget; Federal Register; Rule Review; Regulation; Executive Orders","https://www.whitehouse.gov/presidential-actions/2025/01/regulatory-freeze-pending-review/"
"Remarks by President Trump After Air Force One Arrival Fletcher, NC – The White House","Press Release","President Trump talked about fixing damage in North Carolina quickly because he thinks the current helpers aren’t doing a good job. He also wants other countries to lower oil prices to help stop a war and thinks California needs to change some rules to get more help.","President Trump; North Carolina; FEMA; disaster management; OPEC; oil prices; Ukraine; California; voter ID; deportation","https://www.whitehouse.gov/remarks/2025/01/remarks-by-president-trump-after-air-force-one-arrival-fletcher-nc/"
"Remarks by President Trump and Vice President Vance at Liberty Ball – The White House","Presidential Action","President Trump and Vice President Vance gave a talk at a big party in Washington, D.C., saying they want to make America great by working together and fixing things. They had fun and even danced to a song!","President Trump; Vice President Vance; Liberty Ball; 2025 Inauguration; Washington D.C.; U.S. Presidency; National Policies; Economic Plans; Military Strength; Gender Policies","https://www.whitehouse.gov/remarks/2025/01/remarks-by-president-trump-and-vice-president-vance-at-liberty-ball/"
"Remarks by President Trump and Vice President Vance at Starlight Ball – The White House","Press Release","President Trump and Vice President Vance gave speeches at a big party to celebrate Trump becoming president again. They thanked people for helping them win. They talked about their plans to protect the country and make it better by working hard and fixing problems.","President Trump; Vice President JD Vance; Inauguration; 2025; Starlight Ball; Washington D.C.; Immigration; Economy; International Relations; Supporters","https://www.whitehouse.gov/remarks/2025/01/remarks-by-president-trump-and-vice-president-vance-at-starlight-ball/"
"Remarks by President Trump at Executive Order Signing – The White House","Presidential Action","President Trump signed important papers to make America a leader in technology and crypto. He also helped a Native American tribe and some people who protested. He talked about how he wants better deals with other countries too.","Trump; Executive Orders; AI; Crypto; Lumbee Tribe; Pardons; Declassification; Geopolitics; Economy; Interest Rates","https://www.whitehouse.gov/remarks/2025/01/remarks-by-president-trump-at-executive-order-signing/"
"Remarks By President Trump at the World Economic Forum – The White House","Presidential Memorandum","President Trump gave a speech about what he's doing to make America better, like lowering taxes and creating more jobs, and he talked about working with other countries to stop wars and make the world safer.","President Trump; World Economic Forum; economic policies; deregulation; international relations; tax cuts; denuclearization; US-China relations; Russia-Ukraine conflict; energy policy","https://www.whitehouse.gov/remarks/2025/01/remarks-by-president-trump-at-the-world-economic-forum/"
"Remarks by President Trump Before Air Force One Departure – The White House","Press Release","President Trump at an airport talked about people being allowed to build their houses faster and was happy about a new helper called Pete Hegseth who would help with defense. He didn't mind about some people not liking Pete, because winning mattered to him.","Trump; Air Force One; Secretary of Defense; Pete Hegseth; Mitch McConnell; Los Angeles; Governance; Federal Aid; Permits; Senate Confirmation","https://www.whitehouse.gov/remarks/2025/01/remarks-by-president-trump-before-air-force-one-departure/"
"Remarks by President Trump Before Marine One Departure – The White House","Press Release","President Trump talked about going to North Carolina and Los Angeles to help with a hurricane and a fire. He also said he supports the March for Life and pardoned some people who got in trouble for pro-life stuff.","President Trump; Marine One; North Carolina; Los Angeles; March for Life; Adam Schiff; Pete Hegseth; Tariffs; Pardon; JD Vance","https://www.whitehouse.gov/remarks/2025/01/remarks-by-president-trump-before-marine-one-departure/"
"Remarks by President Trump During Hurricane Helene Briefing – The White House","Press Release","President Trump talked about a strong storm called Hurricane Helene that caused a lot of damage in North Carolina. He said he wants local leaders to fix things faster and might change how a group called FEMA helps during disasters.","Hurricane Helene; North Carolina; FEMA; disaster response; Franklin Graham; Samaritan's Purse; President Trump; tariffs; international trade; California; voter ID laws; security detail","https://www.whitehouse.gov/remarks/2025/01/remarks-by-president-trump-during-hurricane-helene-briefing/"
"Remarks – The White House","Press Release","Imagine a list of times President Trump spoke in January 2025, like at big meetings and parties. Each time he spoke, there's a link you can click to read what he said.","President Trump; Remarks; January 2025; Executive Order; Hurricane Helene Briefing; World Economic Forum; Inaugural Address","https://www.whitehouse.gov/remarks/"
"Removing Barriers to American Leadership in Artificial Intelligence – The White House","Executive Order","The President made new rules to help the United States stay the best at making smart computers, called AI. They want to get rid of old rules that get in the way and make new ones that are fair and help everyone.","Artificial Intelligence; AI Innovation; Government Policy; Executive Order; American Leadership","https://www.whitehouse.gov/presidential-actions/2025/01/removing-barriers-to-american-leadership-in-artificial-intelligence/"
"Restoring Accountability for Career Senior Executives – The White House","Presidential Memorandum","The President wrote a letter to make sure top government workers do a good job. If they're not helpful, they might have to change jobs or even leave!","Presidential Memorandum; Accountability; Senior Executive Service; Executive Management; Government Performance; Policy Implementation","https://www.whitehouse.gov/presidential-actions/2025/01/restoring-accountability-for-career-senior-executives/"
"Restoring Accountability To Policy-Influencing Positions Within the Federal Workforce – The White House","Presidential Action","The President made a new rule to make sure government workers who help make important decisions do their jobs well. If they don't follow the rules, they can be let go. This is to make sure the government runs smoothly.","Presidential Executive Order; federal workforce; accountability; Schedule F; civil service; policy-influencing positions; Executive Order 13957; Schedule Policy/Career; Office of Personnel Management","https://www.whitehouse.gov/presidential-actions/2025/01/restoring-accountability-to-policy-influencing-positions-within-the-federal-workforce/"
"Restoring Freedom Of Speech And Ending Federal Censorship – The White House","Executive Order","The President says nobody in the government can stop people from saying what they want online, and there will be checks to make sure nobody in the past did that either.","Executive Order; Freedom of Speech; Censorship; First Amendment; Federal Government; Online Platforms; Misinformation; Attorney General","https://www.whitehouse.gov/presidential-actions/2025/01/restoring-freedom-of-speech-and-ending-federal-censorship/"
"Restoring Names That Honor American Greatness – The White House","Executive Order","The President decided to change the names of some important places to make sure people remember big moments and heroes in American history. They're changing the name of a mountain back to 'Mount McKinley' and the Gulf of Mexico to the 'Gulf of America.'","Presidential Actions; U.S. Board on Geographic Names; Mount McKinley; Gulf of America; American heritage; Geographic Names Information System; Secretary of the Interior; Semiquincentennial","https://www.whitehouse.gov/presidential-actions/2025/01/restoring-names-that-honor-american-greatness/"
"Restoring The Death Penalty And Protecting Public Safety – The White House","Executive Order","The President made a new rule to make sure people who do really bad crimes can be punished by death, like in the past. It's to keep everyone safe, and they want all the judges and lawyers to follow this rule.","Capital Punishment; Death Penalty; Public Safety; Federal Law; Executive Order; Justice Department; Lethal Injection; Supreme Court","https://www.whitehouse.gov/presidential-actions/2025/01/restoring-the-death-penalty-and-protecting-public-safety/"
"Return to In-Person Work – The White House","Presidential Memorandum","The U.S. Government wants its workers to come back to the office instead of working from home, but they can make exceptions if needed.","Return to In-Person Work; Remote Work Termination; Executive Branch; Government Employees; In-Person Work Exemptions","https://www.whitehouse.gov/presidential-actions/2025/01/return-to-in-person-work/"
"Securing Our Borders – The White House","Presidential Action","The President wants to make sure the country's borders are safe by building walls and having more people and laws to stop bad guys from coming in without permission.","border security; illegal immigration; immigration policy; southern border; Migrant Protection Protocols; DNA fingerprinting; law enforcement","https://www.whitehouse.gov/presidential-actions/2025/01/securing-our-borders/"
"STATEMENT OF ADMINISTRATION POLICY H.R. 21 – Born-Alive Abortion Survivors Protection Act – The White House","Statement of Administration Policy","The government wants to make sure that if a baby is born alive after an abortion, doctors must do everything to take care of it, just like they would for any other baby.","Born-Alive Abortion Survivors; H.R. 21; Healthcare; Protection; Infanticide; Legal Action","https://www.whitehouse.gov/briefings-statements/2025/01/statement-of-administration-policy-h-r-21-born-alive-abortion-survivors-protection-act/"
"Strengthening American Leadership in Digital Financial Technology – The White House","Executive Order","### ELI5

The U.S. President wants to make sure that America is the leader in digital money and technology. He made new rules to help people use digital money safely, protect the dollar, and said no to government-made digital money. He also set up a team to come up with ideas on how to handle digital money better.","Digital Assets; Blockchain; Stablecoins; Central Bank Digital Currencies; Regulatory Framework; Financial Technology; Presidential Executive Order; Digital Financial Technology; United States Dollar; National Digital Asset Stockpile","https://www.whitehouse.gov/presidential-actions/2025/01/strengthening-american-leadership-in-digital-financial-technology/"
"President Trump Announces Sub-Cabinet Appointments – The White House","Presidential Action","The President picked a bunch of new people to help run the big government jobs because some others left, and now they need to be checked by a group of people called the Senate before they start.","Presidential Appointments; Sub-Cabinet; Nominations; Trump Administration; Senate Confirmation; January 2025","https://www.whitehouse.gov/presidential-actions/2025/01/sub-cabinet-appointments/"
"Temporary Withdrawal of All Areas on the Outer Continental Shelf from Offshore Wind Leasing and Review of the Federal Government's Leasing and Permitting Practices for Wind Projects – The White House","Presidential Memorandum","The President decided to stop letting people build new wind farms in the ocean for a while to check if they're good or bad for us and the environment, and how they affect things like sea animals and electricity costs.","Outer Continental Shelf; wind energy leasing; environmental impact; fishing industry; energy policy; wind projects review","https://www.whitehouse.gov/presidential-actions/2025/01/temporary-withdrawal-of-all-areas-on-the-outer-continental-shelf-from-offshore-wind-leasing-and-review-of-the-federal-governments-leasing-and-permitting-practices-for-wind-projects/"
"The Cabinet","Fact Sheet","This page talks about President Trump's new team and lists who he wants in charge of important jobs. Each person has a special story and experience that makes them good at their job.","Trump Cabinet; Lee Zeldin; Kelly Loeffler; Pam Bondi; John Ratcliffe; CIA; Secretary of State; Marco Rubio; Doug Collins; Cabinet Nominees","https://www.whitehouse.gov/administration/the-cabinet/"
"The First 100 Hours: Historic Action to Kick off America's Golden Age – The White House","Presidential Action","President Trump, as soon as he started his second term in 2025, quickly made some big changes. He worked on making America safer and stronger by stopping illegal immigration and supporting American businesses. He also helped America use its own energy more and brought lots of new jobs.","Donald Trump; executive orders; border security; deportation; American energy; economic growth; manufacturing; investment; environmental regulations","https://www.whitehouse.gov/presidential-actions/2025/01/the-first-100-hours-historic-action-to-kick-off-americas-golden-age/"
"The Inaugural Address – The White House","Presidential Action","The President was sworn in and promised to make America strong again. They want to make sure everyone feels safe, make the country richer, and work together as one big family to do amazing things.","inauguration; national security; economic growth; border protection; energy production; military strength; American unity","https://www.whitehouse.gov/remarks/2025/01/the-inaugural-address/"
"The Organization for Economic Co-operation and Development (OECD) Global Tax Deal (Global Tax Deal) – The White House","Presidential Memorandum","This document is a special letter from the President telling important U.S. money people to say 'no' to a big world tax plan unless Congress decides to join it. It makes sure America decides what taxes to have, not other countries.","OECD Global Tax Deal; United States; Treasury; International Tax Policy; Economic Sovereignty; American Companies","https://www.whitehouse.gov/presidential-actions/2025/01/the-organization-for-economic-co-operation-and-development-oecd-global-tax-deal-global-tax-deal/"
"The White House Building","Fact Sheet","The White House is where the President of the United States lives and works. It has been around for over 200 years, starting with George Washington choosing the spot. It got burned down once but was rebuilt. Lots of important people visit there, and it’s really big with lots of rooms.","White House; George Washington; James Hoban; Theodore Roosevelt; Harry S. Truman; architecture; presidential residence; West Wing; history","https://www.whitehouse.gov/about-the-white-house/the-white-house/"
"Unleashing Alaska's Extraordinary Resource Potential – The White House","Executive Order","The President wants to use Alaska's energy and natural resources to help the economy and keep the nation secure. He is making changes to allow more projects like oil and gas drilling in Alaska, which were stopped before.","Alaska; natural resources; energy development; economic policy; liquefied natural gas; regulation changes; national security","https://www.whitehouse.gov/presidential-actions/2025/01/unleashing-alaskas-extraordinary-resource-potential/"
"Unleashing American Energy – The White House","Executive Order","This document is like a big plan from the boss of the country to make sure we use our energy and materials better. The boss says we need to dig more for things like oil and minerals in our land to make energy cheap and jobs more. He also wants to change some rules to make things faster and easier for important projects.","Energy Policy; Executive Order; Federal Lands; Regulatory Reform; National Security; Mineral Resources; Economic Growth; Environmental Policy; Permitting Process","https://www.whitehouse.gov/presidential-actions/2025/01/unleashing-american-energy/"
"Second Lady Usha Vance","Fact Sheet","Usha Vance is a lawyer and the wife of the Vice President. She helps out with important things like opera and loves spending time with her family.","Usha Vance; Second Lady; JD Vance; White House; litigation; Yale Law School; Gates Cambridge Scholar; Washington National Opera","https://www.whitehouse.gov/administration/usha-vance/"
"White House Statement on Hostage Release – The White House","Press Release","President Trump helped free four people from a bad group called Hamas who were keeping them in tough places. The U.S. and Israel are working together to help more people and make the region peaceful.","White House; hostage release; President Trump; Hamas; Israel; peace; Middle East; diplomacy","https://www.whitehouse.gov/briefings-statements/2025/01/white-house-statement-on-hostage-release/"
"Withdrawing The United States From The World Health Organization – The White House","Executive Order","The President has decided that the United States will leave a group called the WHO because they think the group didn't do a good job during the COVID-19 problems, and it's too expensive for the U.S. Now they will find other friends to help instead.","US withdrawal; World Health Organization; COVID-19 response; Executive order; International health; US foreign policy","https://www.whitehouse.gov/presidential-actions/2025/01/withdrawing-the-united-states-from-the-worldhealth-organization/"
"The White House","Fact Sheet","This is about President Trump working hard to make America safe and strong for everyone. He wants to help lower prices, protect the country, and make energy powerful.","America; President Trump; Vice President; Melania Trump; 47th Administration; Priorities; Security; Energy; White House","https://www.whitehouse.gov/"
